产品名,产品图片链接,产品id,产品购买链接,价格,二级分类,一级分类,品牌
Cartier Watches,https://si.geilicdn.com/open1624782517-1624782517-6d0b000001971efb4d650a22d249_800_800.jpg,7572793349,https://fansbuy.com/item-micro-7572793349.html?promotionCode=R0dfTU9DRzA2VTk,$26.37,Cartier Watches,watches,Cartier
Cartier Watches,https://si.geilicdn.com/open1624782517-1624782517-68e4000001971efb5c6d0aa08290_800_800.jpg,7572793349,https://fansbuy.com/item-micro-7572793349.html?promotionCode=R0dfTU9DRzA2VTk,$26.37,Cartier Watches,watches,Cartier
Cartier Watches,https://si.geilicdn.com/open1624782517-1624782517-68d0000001971efb51120aa08290_800_800.jpg,7572793349,https://fansbuy.com/item-micro-7572793349.html?promotionCode=R0dfTU9DRzA2VTk,$18.13,Cartier Watches,watches,Cartier
Cartier Watches,https://si.geilicdn.com/open1624782517-1624782517-6a1d000001971efb6bbf0a23b4de_800_800.jpg,7572793349,https://fansbuy.com/item-micro-7572793349.html?promotionCode=R0dfTU9DRzA2VTk,$18.13,Cartier Watches,watches,Cartier
Cartier Watches,https://si.geilicdn.com/open1624782517-1624782517-6a73000001971efb61840aa0834c_800_800.jpg,7572793349,https://fansbuy.com/item-micro-7572793349.html?promotionCode=R0dfTU9DRzA2VTk,$18.13,Cartier Watches,watches,Cartier
Cartier Watches,https://si.geilicdn.com/open1624782517-1624782517-68c4000001971efb7b1d0a8115c2_280_283.jpg,7572793349,https://fansbuy.com/item-micro-7572793349.html?promotionCode=R0dfTU9DRzA2VTk,$18.13,Cartier Watches,watches,Cartier
Cartier Watches,https://si.geilicdn.com/open1624782517-1624782517-6908000001971efb78d40aa08290_800_800.jpg,7572793349,https://fansbuy.com/item-micro-7572793349.html?promotionCode=R0dfTU9DRzA2VTk,$18.13,Cartier Watches,watches,Cartier
Cartier Watches,https://si.geilicdn.com/open1624782517-1624782517-6a36000001971efb54250a8133b0_800_800.jpg,7572793349,https://fansbuy.com/item-micro-7572793349.html?promotionCode=R0dfTU9DRzA2VTk,$18.13,Cartier Watches,watches,Cartier
Cartier Watches,https://si.geilicdn.com/open1624782517-1624782517-6a52000001971efb65700a8133b0_800_800.jpg,7572793349,https://fansbuy.com/item-micro-7572793349.html?promotionCode=R0dfTU9DRzA2VTk,$26.37,Cartier Watches,watches,Cartier
Cartier Watches,https://si.geilicdn.com/open1624782517-1624782517-6a4d000001971efb45af0aa0834c_800_800.jpg,7572793349,https://fansbuy.com/item-micro-7572793349.html?promotionCode=R0dfTU9DRzA2VTk,$26.37,Cartier Watches,watches,Cartier
Cartier Watches,https://si.geilicdn.com/open1624782517-1624782517-6900000001971efb6f960aa08290_800_800.jpg,7572793349,https://fansbuy.com/item-micro-7572793349.html?promotionCode=R0dfTU9DRzA2VTk,$18.13,Cartier Watches,watches,Cartier
Cartier Watches,https://si.geilicdn.com/open1624782517-1624782517-68c4000001971efb47570aa08290_800_800.jpg,7572793349,https://fansbuy.com/item-micro-7572793349.html?promotionCode=R0dfTU9DRzA2VTk,$18.13,Cartier Watches,watches,Cartier
Cartier Watches,https://si.geilicdn.com/open1624782517-1624782517-6d11000001971efb528d0a22d249_800_800.jpg,7572793349,https://fansbuy.com/item-micro-7572793349.html?promotionCode=R0dfTU9DRzA2VTk,$18.13,Cartier Watches,watches,Cartier
Cartier Watches,https://si.geilicdn.com/open1624782517-1624782517-71f0000001971efb4f3a0a231226_800_800.jpg,7572793349,https://fansbuy.com/item-micro-7572793349.html?promotionCode=R0dfTU9DRzA2VTk,$18.13,Cartier Watches,watches,Cartier
Cartier Watches,https://si.geilicdn.com/open1624782517-1624782517-71d2000001971efb377e0a231226_800_800.jpg,7572793349,https://fansbuy.com/item-micro-7572793349.html?promotionCode=R0dfTU9DRzA2VTk,$18.13,Cartier Watches,watches,Cartier
Cartier Watches,https://si.geilicdn.com/open1624782517-1624782517-68b2000001971efb69a40a8115c2_800_800.jpg,7572793349,https://fansbuy.com/item-micro-7572793349.html?promotionCode=R0dfTU9DRzA2VTk,$18.13,Cartier Watches,watches,Cartier
Cartier Watches,https://si.geilicdn.com/open1624782517-1624782517-67ce000001971efb4bcd0a23b491_800_800.jpg,7572793349,https://fansbuy.com/item-micro-7572793349.html?promotionCode=R0dfTU9DRzA2VTk,$18.13,Cartier Watches,watches,Cartier
Cartier Watches,https://si.geilicdn.com/open1624782517-1624782517-6a7d000001971efb674c0aa0834c_800_800.jpg,7572793349,https://fansbuy.com/item-micro-7572793349.html?promotionCode=R0dfTU9DRzA2VTk,$18.13,Cartier Watches,watches,Cartier
Cartier Watches,https://si.geilicdn.com/open1624782517-1624782517-6a48000001971efb5fb50a8133b0_800_800.jpg,7572793349,https://fansbuy.com/item-micro-7572793349.html?promotionCode=R0dfTU9DRzA2VTk,$18.13,Cartier Watches,watches,Cartier
Cartier Watches,https://si.geilicdn.com/open1624782517-1624782517-6d3f000001971efb730e0a22d249_800_800.jpg,7572793349,https://fansbuy.com/item-micro-7572793349.html?promotionCode=R0dfTU9DRzA2VTk,$18.13,Cartier Watches,watches,Cartier
Cartier Watches,https://si.geilicdn.com/open1624782517-1624782517-6d01000001971efb4a0c0a22d249_800_800.jpg,7572793349,https://fansbuy.com/item-micro-7572793349.html?promotionCode=R0dfTU9DRzA2VTk,$18.13,Cartier Watches,watches,Cartier
Cartier Watches,https://si.geilicdn.com/open1624782517-1624782517-69e3000001971efb44220a23b4de_800_800.jpg,7572793349,https://fansbuy.com/item-micro-7572793349.html?promotionCode=R0dfTU9DRzA2VTk,$18.13,Cartier Watches,watches,Cartier
Cartier Watches,https://si.geilicdn.com/open1624782517-1624782517-689c000001971efb5dff0a8115c2_800_800.jpg,7572793349,https://fansbuy.com/item-micro-7572793349.html?promotionCode=R0dfTU9DRzA2VTk,$18.13,Cartier Watches,watches,Cartier
Cartier Watches,https://si.geilicdn.com/open1624782517-1624782517-6a8b000001971efb76f10aa0834c_800_800.jpg,7572793349,https://fansbuy.com/item-micro-7572793349.html?promotionCode=R0dfTU9DRzA2VTk,$18.13,Cartier Watches,watches,Cartier
Cartier Watches,https://si.geilicdn.com/open1624782517-1624782517-6a25000001971efb71870a23b4de_800_800.jpg,7572793349,https://fansbuy.com/item-micro-7572793349.html?promotionCode=R0dfTU9DRzA2VTk,$18.13,Cartier Watches,watches,Cartier
Cartier Watches,https://si.geilicdn.com/open1624782517-1624782517-6cf3000001971efb3d2a0a22d249_800_800.jpg,7572793349,https://fansbuy.com/item-micro-7572793349.html?promotionCode=R0dfTU9DRzA2VTk,$18.13,Cartier Watches,watches,Cartier
Cartier Watches,https://si.geilicdn.com/open1624782517-1624782517-69ff000001971efb59070a23b4de_800_800.jpg,7572793349,https://fansbuy.com/item-micro-7572793349.html?promotionCode=R0dfTU9DRzA2VTk,$26.37,Cartier Watches,watches,Cartier
Cartier Watches,https://si.geilicdn.com/open1624782517-1624782517-68a2000001971efb637c0a8115c2_800_800.jpg,7572793349,https://fansbuy.com/item-micro-7572793349.html?promotionCode=R0dfTU9DRzA2VTk,$18.13,Cartier Watches,watches,Cartier
Cartier Watches,https://si.geilicdn.com/open1624782517-1624782517-67da000001971efb577a0a23b491_800_800.jpg,7572793349,https://fansbuy.com/item-micro-7572793349.html?promotionCode=R0dfTU9DRzA2VTk,$26.37,Cartier Watches,watches,Cartier
Cartier Watches,https://si.geilicdn.com/open1624782517-1624782517-67b4000001971efb3b590a23b491_800_800.jpg,7572793349,https://fansbuy.com/item-micro-7572793349.html?promotionCode=R0dfTU9DRzA2VTk,$18.13,Cartier Watches,watches,Cartier
Cartier Watches,https://si.geilicdn.com/open1624782517-1624782517-6a61000001971efb55e40aa0834c_800_800.jpg,7572793349,https://fansbuy.com/item-micro-7572793349.html?promotionCode=R0dfTU9DRzA2VTk,$18.13,Cartier Watches,watches,Cartier
Cartier Watches,https://si.geilicdn.com/open1624782517-1624782517-6a60000001971efb75100a8133b0_800_800.jpg,7572793349,https://fansbuy.com/item-micro-7572793349.html?promotionCode=R0dfTU9DRzA2VTk,$18.13,Cartier Watches,watches,Cartier
Cartier Watches,https://si.geilicdn.com/open1624782517-1624782517-6a6b000001971efb5ac90aa0834c_800_800.jpg,7572793349,https://fansbuy.com/item-micro-7572793349.html?promotionCode=R0dfTU9DRzA2VTk,$26.37,Cartier Watches,watches,Cartier
Cartier Watches,https://si.geilicdn.com/pcitem1517630429-44f900000193f95b8ad20a23038e_960_1182.jpg,7572793349,https://fansbuy.com/item-micro-7572793349.html?promotionCode=R0dfTU9DRzA2VTk,$18.13,Cartier Watches,watches,Cartier
Cartier Watches,https://si.geilicdn.com/pcitem1517630429-4ba7000001865989681a0a8133ca_1080_1440.jpg,7572793349,https://fansbuy.com/item-micro-7572793349.html?promotionCode=R0dfTU9DRzA2VTk,$18.13,Cartier Watches,watches,Cartier
Cartier Watches,https://si.geilicdn.com/pcitem1517630429-198e000001891316a7eb0a2312e8_1074_1074.jpg,7572793349,https://fansbuy.com/item-micro-7572793349.html?promotionCode=R0dfTU9DRzA2VTk,$18.13,Cartier Watches,watches,Cartier
Cartier Watches,https://si.geilicdn.com/pcitem1517630429-53f50000018850eef1440a813276_999_1002.jpg,7572799279,https://fansbuy.com/item-micro-7572799279.html?promotionCode=R0dfTU9DRzA2VTk,$76.65,Cartier Watches,watches,Cartier
Cartier Watches,https://si.geilicdn.com/pcitem1517630429-4c9100000193f95b47bd0a231316_1440_1920.jpg,7572799279,https://fansbuy.com/item-micro-7572799279.html?promotionCode=R0dfTU9DRzA2VTk,$76.65,Cartier Watches,watches,Cartier
Cartier Watches,https://si.geilicdn.com/pcitem1517630429-20e4000001891316f4250a8134f0_1074_1074.jpg,7572799279,https://fansbuy.com/item-micro-7572799279.html?promotionCode=R0dfTU9DRzA2VTk,$76.65,Cartier Watches,watches,Cartier
Cartier Watches,https://si.geilicdn.com/pcitem1517630429-69a80000018850e1c4a30a8134f0_999_999.jpg,7572799279,https://fansbuy.com/item-micro-7572799279.html?promotionCode=R0dfTU9DRzA2VTk,$76.65,Cartier Watches,watches,Cartier
Cartier Watches,https://si.geilicdn.com/pcitem1517630429-47ce0000018659896a260a23132e_1080_1440.jpg,7572799279,https://fansbuy.com/item-micro-7572799279.html?promotionCode=R0dfTU9DRzA2VTk,$76.65,Cartier Watches,watches,Cartier
Cartier Watches,https://si.geilicdn.com/pcitem1517630429-2adb00000191a664e21f0a2301b4-unadjust_765_817.png,7572799279,https://fansbuy.com/item-micro-7572799279.html?promotionCode=R0dfTU9DRzA2VTk,$76.65,Cartier Watches,watches,Cartier
Cartier Watches,https://si.geilicdn.com/pcitem1517630429-0b70000001936321849b0a2395d6-unadjust_508_556.png,7572799279,https://fansbuy.com/item-micro-7572799279.html?promotionCode=R0dfTU9DRzA2VTk,$76.65,Cartier Watches,watches,Cartier
Cartier Watches,https://si.geilicdn.com/pcitem1517630429-353200000192967dc0240a81347d_1151_912.jpg,7572799279,https://fansbuy.com/item-micro-7572799279.html?promotionCode=R0dfTU9DRzA2VTk,$76.65,Cartier Watches,watches,Cartier
Cartier Watches,https://si.geilicdn.com/pcitem1517630429-4d7500000186598965e80a20e35c_1440_1080.jpg,7572799279,https://fansbuy.com/item-micro-7572799279.html?promotionCode=R0dfTU9DRzA2VTk,$76.65,Cartier Watches,watches,Cartier
Cartier Watches,https://si.geilicdn.com/pcitem1517630429-016a000001853bc9550d0a20e2c5_1125_1584.jpg,7572799279,https://fansbuy.com/item-micro-7572799279.html?promotionCode=R0dfTU9DRzA2VTk,$76.65,Cartier Watches,watches,Cartier
Cartier Watches,https://si.geilicdn.com/pcitem1517630429-3e57000001891318ac460a23132e_1080_810.jpg,7572799279,https://fansbuy.com/item-micro-7572799279.html?promotionCode=R0dfTU9DRzA2VTk,$76.65,Cartier Watches,watches,Cartier
Cartier Watches,https://si.geilicdn.com/pcitem1517630429-014a000001853bc9528a0a813470_1024_1024.jpg,7572799279,https://fansbuy.com/item-micro-7572799279.html?promotionCode=R0dfTU9DRzA2VTk,$76.65,Cartier Watches,watches,Cartier
Cartier Watches,https://si.geilicdn.com/pcitem1517630429-71980000018850f37dc20a231418_999_996.jpg,7572799279,https://fansbuy.com/item-micro-7572799279.html?promotionCode=R0dfTU9DRzA2VTk,$76.65,Cartier Watches,watches,Cartier
Cartier Watches,https://si.geilicdn.com/pcitem1517630429-746f00000192967dc87b0a231316_1080_1080.jpg,7572799279,https://fansbuy.com/item-micro-7572799279.html?promotionCode=R0dfTU9DRzA2VTk,$76.65,Cartier Watches,watches,Cartier
Cartier Watches,https://si.geilicdn.com/pcitem1517630429-3cee00000189131717770a20e2c5_1074_1074.jpg,7572799279,https://fansbuy.com/item-micro-7572799279.html?promotionCode=R0dfTU9DRzA2VTk,$76.65,Cartier Watches,watches,Cartier
Cartier Watches,https://si.geilicdn.com/pcitem1517630429-63ad0000018850eef0030a21146b_999_999.jpg,7572799279,https://fansbuy.com/item-micro-7572799279.html?promotionCode=R0dfTU9DRzA2VTk,$76.65,Cartier Watches,watches,Cartier
Cartier Watches,https://si.geilicdn.com/pcitem1517630429-20ea0000018850f3c9ad0a22d4f5_999_1002.jpg,7572799279,https://fansbuy.com/item-micro-7572799279.html?promotionCode=R0dfTU9DRzA2VTk,$76.65,Cartier Watches,watches,Cartier
Cartier Watches,https://si.geilicdn.com/pcitem1517630429-6ccb0000018850f3403c0a22d30f_999_993.jpg,7572799279,https://fansbuy.com/item-micro-7572799279.html?promotionCode=R0dfTU9DRzA2VTk,$76.65,Cartier Watches,watches,Cartier
Cartier Watches,https://si.geilicdn.com/pcitem1517630429-78c20000018850f35f340a22d1ee_999_1002.jpg,7572799279,https://fansbuy.com/item-micro-7572799279.html?promotionCode=R0dfTU9DRzA2VTk,$76.65,Cartier Watches,watches,Cartier
Cartier Watches,https://si.geilicdn.com/pcitem1517630429-386500000192967e1e9c0a20e273_1080_608.jpg,7572799279,https://fansbuy.com/item-micro-7572799279.html?promotionCode=R0dfTU9DRzA2VTk,$76.65,Cartier Watches,watches,Cartier
Cartier Watches,https://si.geilicdn.com/pcitem1517630429-479b00000193f95b18380a2102c5_960_1182.jpg,7572799279,https://fansbuy.com/item-micro-7572799279.html?promotionCode=R0dfTU9DRzA2VTk,$76.65,Cartier Watches,watches,Cartier
Cartier Watches,https://si.geilicdn.com/pcitem1517630429-4e960000018a7e8186c10a22d4f5_1080_1080.jpg,7572799279,https://fansbuy.com/item-micro-7572799279.html?promotionCode=R0dfTU9DRzA2VTk,$76.65,Cartier Watches,watches,Cartier
Cartier Watches,https://si.geilicdn.com/pcitem1517630429-22290000018913186f9d0a207569_1074_1074.jpg,7572799279,https://fansbuy.com/item-micro-7572799279.html?promotionCode=R0dfTU9DRzA2VTk,$76.65,Cartier Watches,watches,Cartier
Cartier Watches,https://si.geilicdn.com/pcitem1517630429-2306000001891316c5b70a231273_1074_1074.jpg,7572799279,https://fansbuy.com/item-micro-7572799279.html?promotionCode=R0dfTU9DRzA2VTk,$76.65,Cartier Watches,watches,Cartier
Cartier Watches,https://si.geilicdn.com/pcitem1517630429-6b9c0000018850e1c7270a2301a5_1170_1393.jpg,7572799279,https://fansbuy.com/item-micro-7572799279.html?promotionCode=R0dfTU9DRzA2VTk,$76.65,Cartier Watches,watches,Cartier
Cartier Watches,https://si.geilicdn.com/pcitem1517630429-6a870000018850e1c5cb0a22d3fa_999_993.jpg,7572799279,https://fansbuy.com/item-micro-7572799279.html?promotionCode=R0dfTU9DRzA2VTk,$76.65,Cartier Watches,watches,Cartier
Cartier Watches,https://si.geilicdn.com/pcitem1517630429-4bc300000186598964750a2313e0_1080_720.jpg,7572799279,https://fansbuy.com/item-micro-7572799279.html?promotionCode=R0dfTU9DRzA2VTk,$76.65,Cartier Watches,watches,Cartier
Cartier Watches,https://si.geilicdn.com/open1624782517-1624782517-58df000001973aa351c90a22d249_750_750.jpg,7572799279,https://fansbuy.com/item-micro-7572799279.html?promotionCode=R0dfTU9DRzA2VTk,$76.65,Cartier Watches,watches,Cartier
Cartier Watches,https://si.geilicdn.com/open1624782517-1624782517-5454000001973aa362f40a23b491_750_750.jpg,7572799279,https://fansbuy.com/item-micro-7572799279.html?promotionCode=R0dfTU9DRzA2VTk,$76.65,Cartier Watches,watches,Cartier
Cartier Watches,https://si.geilicdn.com/open1624782517-1624782517-58f3000001973aa37ecd0a22d249_800_800.jpg,7572799279,https://fansbuy.com/item-micro-7572799279.html?promotionCode=R0dfTU9DRzA2VTk,$76.65,Cartier Watches,watches,Cartier
Audemars Piguet Watches,https://si.geilicdn.com/open1624782517-1624782517-5d7b000001973aa35c940a231226_1920_1920.jpg,7572807169,https://fansbuy.com/item-micro-7572807169.html?promotionCode=R0dfTU9DRzA2VTk,$67.58,Audemars Piguet Watches,watches,Audemars Piguet
Audemars Piguet Watches,https://si.geilicdn.com/open1624782517-1624782517-55f1000001973aa381810aa0834c_800_800.jpg,7572807169,https://fansbuy.com/item-micro-7572807169.html?promotionCode=R0dfTU9DRzA2VTk,$67.58,Audemars Piguet Watches,watches,Audemars Piguet
Audemars Piguet Watches,https://si.geilicdn.com/open1624782517-1624782517-55e3000001973aa3596f0aa0834c_1920_1920.jpg,7572807169,https://fansbuy.com/item-micro-7572807169.html?promotionCode=R0dfTU9DRzA2VTk,$72.53,Audemars Piguet Watches,watches,Audemars Piguet
Audemars Piguet Watches,https://si.geilicdn.com/open1624782517-1624782517-55ae000001973aa3660d0a23b4de_750_750.jpg,7572807169,https://fansbuy.com/item-micro-7572807169.html?promotionCode=R0dfTU9DRzA2VTk,$34.62,Audemars Piguet Watches,watches,Audemars Piguet
Audemars Piguet Watches,https://si.geilicdn.com/open1624782517-1624782517-55b4000001973aa37b7c0a23b4de_1920_1920.jpg,7572807169,https://fansbuy.com/item-micro-7572807169.html?promotionCode=R0dfTU9DRzA2VTk,$67.58,Audemars Piguet Watches,watches,Audemars Piguet
Audemars Piguet Watches,https://si.geilicdn.com/open1624782517-1624782517-53b3000001973aa3556a0a8133b0_1920_1920.jpg,7572807169,https://fansbuy.com/item-micro-7572807169.html?promotionCode=R0dfTU9DRzA2VTk,$34.62,Audemars Piguet Watches,watches,Audemars Piguet
Audemars Piguet Watches,https://si.geilicdn.com/open1624782517-1624782517-5d8b000001973aa382fc0a231226_800_800.jpg,7572807169,https://fansbuy.com/item-micro-7572807169.html?promotionCode=R0dfTU9DRzA2VTk,$67.58,Audemars Piguet Watches,watches,Audemars Piguet
Audemars Piguet Watches,https://si.geilicdn.com/open1624782517-1624782517-54c1000001973aa377600a8115c2_1920_1920.jpg,7572807169,https://fansbuy.com/item-micro-7572807169.html?promotionCode=R0dfTU9DRzA2VTk,$34.62,Audemars Piguet Watches,watches,Audemars Piguet
Audemars Piguet Watches,https://si.geilicdn.com/open1624782517-1624782517-5592000001973aa35fc20aa08290_1920_1920.jpg,7572807169,https://fansbuy.com/item-micro-7572807169.html?promotionCode=R0dfTU9DRzA2VTk,$34.62,Audemars Piguet Watches,watches,Audemars Piguet
Audemars Piguet Watches,https://si.geilicdn.com/open1624782517-1624782517-55a4000001973aa384730aa08290_800_800.jpg,7572807169,https://fansbuy.com/item-micro-7572807169.html?promotionCode=R0dfTU9DRzA2VTk,$67.58,Audemars Piguet Watches,watches,Audemars Piguet
Audemars Piguet Watches,https://si.geilicdn.com/open1624782517-1624782517-53c3000001973aa380350a8133b0_800_800.jpg,7572807169,https://fansbuy.com/item-micro-7572807169.html?promotionCode=R0dfTU9DRzA2VTk,$34.62,Audemars Piguet Watches,watches,Audemars Piguet
Audemars Piguet Watches,https://si.geilicdn.com/open1624782517-1624782517-54b7000001973aa364830a8115c2_750_750.jpg,7572807169,https://fansbuy.com/item-micro-7572807169.html?promotionCode=R0dfTU9DRzA2VTk,$34.62,Audemars Piguet Watches,watches,Audemars Piguet
Audemars Piguet Watches,https://si.geilicdn.com/open1624782517-1624782517-5460000001973aa386120a23b491_1024_1024.jpg,7572807169,https://fansbuy.com/item-micro-7572807169.html?promotionCode=R0dfTU9DRzA2VTk,$67.58,Audemars Piguet Watches,watches,Audemars Piguet
Audemars Piguet Watches,https://si.geilicdn.com/open1624782517-1624782517-545c000001973aa3734f0a23b491_1920_1920.jpg,7572807169,https://fansbuy.com/item-micro-7572807169.html?promotionCode=R0dfTU9DRzA2VTk,$67.58,Audemars Piguet Watches,watches,Audemars Piguet
Audemars Piguet Watches,https://si.geilicdn.com/open1624782517-1624782517-559e000001973aa36fc10aa08290_1920_1920.jpg,7572807169,https://fansbuy.com/item-micro-7572807169.html?promotionCode=R0dfTU9DRzA2VTk,$67.58,Audemars Piguet Watches,watches,Audemars Piguet
Audemars Piguet Watches,https://si.geilicdn.com/open1622703461-1234478995-5c3000000191b269c04e0aa0233d_1080_862.jpg,7572807169,https://fansbuy.com/item-micro-7572807169.html?promotionCode=R0dfTU9DRzA2VTk,$72.53,Audemars Piguet Watches,watches,Audemars Piguet
Audemars Piguet Watches,https://si.geilicdn.com/open1622703461-1234478995-63e200000191b26a189d0a8133b5_1080_864.jpg,7572807169,https://fansbuy.com/item-micro-7572807169.html?promotionCode=R0dfTU9DRzA2VTk,$34.62,Audemars Piguet Watches,watches,Audemars Piguet
Audemars Piguet Watches,https://si.geilicdn.com/open1622703461-1234478995-5ad300000191b269da3f0a232357_1080_1080.jpg,7572807169,https://fansbuy.com/item-micro-7572807169.html?promotionCode=R0dfTU9DRzA2VTk,$34.62,Audemars Piguet Watches,watches,Audemars Piguet
"Rolex
Watches",https://si.geilicdn.com/open1622703461-1234478995-5aef00000191b26a0cfb0a232357_1080_864.jpg,7572807173,https://fansbuy.com/item-micro-7572807173.html?promotionCode=R0dfTU9DRzA2VTk,$85.85,Rolex Watches,watches,Rolex
"Rolex
Watches",https://si.geilicdn.com/open1622703461-1234478995-5c5400000191b26a04860aa0233d_1600_1280.jpg,7572807173,https://fansbuy.com/item-micro-7572807173.html?promotionCode=R0dfTU9DRzA2VTk,$85.85,Rolex Watches,watches,Rolex
"Rolex
Watches",https://si.geilicdn.com/open1622703461-1234478995-15ec00000191b26a1d830a210559_1080_1080.jpg,7572807173,https://fansbuy.com/item-micro-7572807173.html?promotionCode=R0dfTU9DRzA2VTk,$85.85,Rolex Watches,watches,Rolex
"Rolex
Watches",https://si.geilicdn.com/open1622703461-1234478995-346d00000191b269afa50a8115b5_1080_1080.jpg,7572807173,https://fansbuy.com/item-micro-7572807173.html?promotionCode=R0dfTU9DRzA2VTk,$85.85,Rolex Watches,watches,Rolex
"Rolex
Watches",https://si.geilicdn.com/open1622703461-1234478995-63ce00000191b269e4df0a8133b5_1080_1080.jpg,7572807173,https://fansbuy.com/item-micro-7572807173.html?promotionCode=R0dfTU9DRzA2VTk,$85.85,Rolex Watches,watches,Rolex
"Rolex
Watches",https://si.geilicdn.com/open1622703461-1234478995-34a900000191b26a2f140a8115b5_1080_810.jpg,7572807173,https://fansbuy.com/item-micro-7572807173.html?promotionCode=R0dfTU9DRzA2VTk,$85.85,Rolex Watches,watches,Rolex
"Rolex
Watches",https://si.geilicdn.com/open1622703461-1234478995-347b00000191b269c9140a8115b5_1600_1280.jpg,7572807173,https://fansbuy.com/item-micro-7572807173.html?promotionCode=R0dfTU9DRzA2VTk,$85.85,Rolex Watches,watches,Rolex
"Rolex
Watches",https://si.geilicdn.com/open1622703461-1234478995-6dc200000191b269e15d0a239383_1080_862.jpg,7572807173,https://fansbuy.com/item-micro-7572807173.html?promotionCode=R0dfTU9DRzA2VTk,$85.85,Rolex Watches,watches,Rolex
"Rolex
Watches",https://si.geilicdn.com/open1622703461-1234478995-06a300000191b269a3e40a210298_1080_1080.jpg,7572807173,https://fansbuy.com/item-micro-7572807173.html?promotionCode=R0dfTU9DRzA2VTk,$85.85,Rolex Watches,watches,Rolex
"Rolex
Watches",https://si.geilicdn.com/open1622703461-1234478995-5c4800000191b269e8270aa0233d_1074_799.jpg,7572807173,https://fansbuy.com/item-micro-7572807173.html?promotionCode=R0dfTU9DRzA2VTk,$85.85,Rolex Watches,watches,Rolex
"Rolex
Watches",https://si.geilicdn.com/open1622703461-1234478995-7b5900000191b269d0dd0a22d234_1080_864.jpg,7572807173,https://fansbuy.com/item-micro-7572807173.html?promotionCode=R0dfTU9DRzA2VTk,$85.85,Rolex Watches,watches,Rolex
"Rolex
Watches",https://si.geilicdn.com/open1622703461-1234478995-15c400000191b269cd2f0a210559-unadjust_159_195.png,7572807173,https://fansbuy.com/item-micro-7572807173.html?promotionCode=R0dfTU9DRzA2VTk,$85.85,Rolex Watches,watches,Rolex
"Rolex
Watches",https://si.geilicdn.com/open1622703461-1234478995-6daa00000191b269a9ad0a239383_1080_864.jpg,7572807173,https://fansbuy.com/item-micro-7572807173.html?promotionCode=R0dfTU9DRzA2VTk,$85.85,Rolex Watches,watches,Rolex
"Rolex
Watches",https://si.geilicdn.com/open1622703461-1234478995-7b6900000191b269ef480a22d234_1080_1080.jpg,7572807173,https://fansbuy.com/item-micro-7572807173.html?promotionCode=R0dfTU9DRzA2VTk,$85.85,Rolex Watches,watches,Rolex
"Rolex
Watches",https://si.geilicdn.com/open1622703461-1234478995-6dda00000191b26a13830a239383_1080_1080.jpg,7572807173,https://fansbuy.com/item-micro-7572807173.html?promotionCode=R0dfTU9DRzA2VTk,$85.85,Rolex Watches,watches,Rolex
"Rolex
Watches",https://si.geilicdn.com/open1622703461-1234478995-5ae300000191b269fcf20a232357_1080_1080.jpg,7572807173,https://fansbuy.com/item-micro-7572807173.html?promotionCode=R0dfTU9DRzA2VTk,$85.85,Rolex Watches,watches,Rolex
"Rolex
Watches",https://si.geilicdn.com/open1622703461-1234478995-5b0100000191b26a2a2b0a232357_690_690.jpg,7572807173,https://fansbuy.com/item-micro-7572807173.html?promotionCode=R0dfTU9DRzA2VTk,$85.85,Rolex Watches,watches,Rolex
"Rolex
Watches",https://si.geilicdn.com/open1622703461-1234478995-7b8100000191b26a24d90a22d234_1536_1280.jpg,7572807173,https://fansbuy.com/item-micro-7572807173.html?promotionCode=R0dfTU9DRzA2VTk,$85.85,Rolex Watches,watches,Rolex
"Rolex
Watches",https://si.geilicdn.com/open1622703461-1234478995-5acd00000191b269c5620a232357_1080_810.jpg,7572807173,https://fansbuy.com/item-micro-7572807173.html?promotionCode=R0dfTU9DRzA2VTk,$85.85,Rolex Watches,watches,Rolex
"Rolex
Watches",https://si.geilicdn.com/open1622703461-1234478995-63b000000191b269b7ca0a8133b5_1080_1080.jpg,7572807173,https://fansbuy.com/item-micro-7572807173.html?promotionCode=R0dfTU9DRzA2VTk,$85.85,Rolex Watches,watches,Rolex
"Rolex
Watches",https://si.geilicdn.com/open1624782517-1624782517-635c000001973abe11fb0aa08290_1080_1080.jpg,7572807173,https://fansbuy.com/item-micro-7572807173.html?promotionCode=R0dfTU9DRzA2VTk,$85.85,Rolex Watches,watches,Rolex
"Rolex
Watches",https://si.geilicdn.com/open1624782517-1624782517-6225000001973abe036a0a23b491_800_800.jpg,7572807173,https://fansbuy.com/item-micro-7572807173.html?promotionCode=R0dfTU9DRzA2VTk,$85.85,Rolex Watches,watches,Rolex
"Rolex
Watches",https://si.geilicdn.com/pcitem901911082678-40c400000197a5cc4a1a0a8134f0_1080_1080.jpg,7572807173,https://fansbuy.com/item-micro-7572807173.html?promotionCode=R0dfTU9DRzA2VTk,$85.85,Rolex Watches,watches,Rolex
"Rolex
Watches",https://si.geilicdn.com/open1624782517-1624782517-638a000001973abe26560a23b4de_800_800.jpg,7572809115,https://fansbuy.com/item-micro-7572809115.html?promotionCode=R0dfTU9DRzA2VTk,$42.86,Rolex Watches,watches,Rolex
"Rolex
Watches",https://si.geilicdn.com/pcitem901911082678-3f3300000197a5cb8c0e0a811411_1080_1080.jpg,7572809115,https://fansbuy.com/item-micro-7572809115.html?promotionCode=R0dfTU9DRzA2VTk,$28.02,Rolex Watches,watches,Rolex
"Rolex
Watches",https://si.geilicdn.com/open1624782517-1624782517-6b3f000001973abe0e190a231226_1080_1080.jpg,7572809115,https://fansbuy.com/item-micro-7572809115.html?promotionCode=R0dfTU9DRzA2VTk,$26.37,Rolex Watches,watches,Rolex
"Rolex
Watches",https://si.geilicdn.com/open1624782517-1624782517-628a000001973abe16ca0a8115c2_1080_1080.jpg,7572809115,https://fansbuy.com/item-micro-7572809115.html?promotionCode=R0dfTU9DRzA2VTk,$28.02,Rolex Watches,watches,Rolex
"Rolex
Watches",https://si.geilicdn.com/open1624782517-1624782517-66c2000001973abe1a740a22d249_1080_1080.jpg,7572809115,https://fansbuy.com/item-micro-7572809115.html?promotionCode=R0dfTU9DRzA2VTk,$26.37,Rolex Watches,watches,Rolex
"Rolex
Watches",https://si.geilicdn.com/pcitem901911082678-3abb00000197a5cb4e7d0a8133cc_1080_1080.jpg,7572809115,https://fansbuy.com/item-micro-7572809115.html?promotionCode=R0dfTU9DRzA2VTk,$42.86,Rolex Watches,watches,Rolex
"Rolex
Watches",https://si.geilicdn.com/pcitem901911082678-332c0000019748fe69950a239846_800_800.jpg,7572809115,https://fansbuy.com/item-micro-7572809115.html?promotionCode=R0dfTU9DRzA2VTk,$42.86,Rolex Watches,watches,Rolex
"Rolex
Watches",https://si.geilicdn.com/open1624782517-1624782517-66c6000001973abe28930a22d249_1080_1080.jpg,7572809115,https://fansbuy.com/item-micro-7572809115.html?promotionCode=R0dfTU9DRzA2VTk,$42.86,Rolex Watches,watches,Rolex
"Rolex
Watches",https://si.geilicdn.com/open1624782517-1624782517-6233000001973abe23680a23b491_800_800.jpg,7572809115,https://fansbuy.com/item-micro-7572809115.html?promotionCode=R0dfTU9DRzA2VTk,$26.37,Rolex Watches,watches,Rolex
"Rolex
Watches",https://si.geilicdn.com/open1624782517-1624782517-619e000001973abe2ac50a8133b0_1080_1080.jpg,7572809115,https://fansbuy.com/item-micro-7572809115.html?promotionCode=R0dfTU9DRzA2VTk,$26.37,Rolex Watches,watches,Rolex
"Rolex
Watches",https://si.geilicdn.com/pcitem901911082678-32390000019748fe32b00a23a2b8_800_800.jpg,7572809115,https://fansbuy.com/item-micro-7572809115.html?promotionCode=R0dfTU9DRzA2VTk,$42.86,Rolex Watches,watches,Rolex
"Rolex
Watches",https://si.geilicdn.com/open1624782517-1624782517-637c000001973abe06a30a23b4de_800_800.jpg,7572809115,https://fansbuy.com/item-micro-7572809115.html?promotionCode=R0dfTU9DRzA2VTk,$28.02,Rolex Watches,watches,Rolex
"Rolex
Watches",https://si.geilicdn.com/open1624782517-1624782517-63b5000001973abe1eaa0aa0834c_800_800.jpg,7572809115,https://fansbuy.com/item-micro-7572809115.html?promotionCode=R0dfTU9DRzA2VTk,$42.86,Rolex Watches,watches,Rolex
"Rolex
Watches",https://si.geilicdn.com/open1624782517-1624782517-63bb000001973abe2cd60aa0834c_1080_1080.jpg,7572809115,https://fansbuy.com/item-micro-7572809115.html?promotionCode=R0dfTU9DRzA2VTk,$26.37,Rolex Watches,watches,Rolex
"Rolex
Watches",https://si.geilicdn.com/open1624782517-1624782517-6386000001973abe189f0a23b4de_1080_1080.jpg,7572809115,https://fansbuy.com/item-micro-7572809115.html?promotionCode=R0dfTU9DRzA2VTk,$28.02,Rolex Watches,watches,Rolex
"Rolex
Watches",https://si.geilicdn.com/pcitem901911082678-3ad300000197a5cbbad50a8133cc_1080_1080.jpg,7572809115,https://fansbuy.com/item-micro-7572809115.html?promotionCode=R0dfTU9DRzA2VTk,$28.02,Rolex Watches,watches,Rolex
"Rolex
Watches",https://si.geilicdn.com/open1624782517-1624782517-623b000001973abe32c00a23b491_1080_1080.jpg,7572809115,https://fansbuy.com/item-micro-7572809115.html?promotionCode=R0dfTU9DRzA2VTk,$42.86,Rolex Watches,watches,Rolex
"Rolex
Watches",https://si.geilicdn.com/pcitem901911082678-26370000019748fe89800a230115_800_800.jpg,7572809115,https://fansbuy.com/item-micro-7572809115.html?promotionCode=R0dfTU9DRzA2VTk,$42.86,Rolex Watches,watches,Rolex
"Rolex
Watches",https://si.geilicdn.com/open1624782517-1624782517-618e000001973abe0ab90a8133b0_800_800.jpg,7572809115,https://fansbuy.com/item-micro-7572809115.html?promotionCode=R0dfTU9DRzA2VTk,$26.37,Rolex Watches,watches,Rolex
"Rolex
Watches",https://si.geilicdn.com/open1624782517-1624782517-622b000001973abe14650a23b491_1080_1080.jpg,7572809115,https://fansbuy.com/item-micro-7572809115.html?promotionCode=R0dfTU9DRzA2VTk,$42.86,Rolex Watches,watches,Rolex
"Rolex
Watches",https://si.geilicdn.com/pcitem901911082678-527700000197a5cc1d450a23037f_1080_1080.jpg,7572809115,https://fansbuy.com/item-micro-7572809115.html?promotionCode=R0dfTU9DRzA2VTk,$26.37,Rolex Watches,watches,Rolex
"Rolex
Watches",https://si.geilicdn.com/open1624782517-1624782517-636c000001973abe30bc0aa08290_1080_1080.jpg,7572809115,https://fansbuy.com/item-micro-7572809115.html?promotionCode=R0dfTU9DRzA2VTk,$28.02,Rolex Watches,watches,Rolex
"Rolex
Watches",https://si.geilicdn.com/open1624782517-1624782517-63ab000001973abe0c7a0aa0834c_800_800.jpg,7572809115,https://fansbuy.com/item-micro-7572809115.html?promotionCode=R0dfTU9DRzA2VTk,$42.86,Rolex Watches,watches,Rolex
"Rolex
Watches",https://si.geilicdn.com/pcitem901911082678-3f050000019748fea4810a210139_800_800.jpg,7572809115,https://fansbuy.com/item-micro-7572809115.html?promotionCode=R0dfTU9DRzA2VTk,$26.37,Rolex Watches,watches,Rolex
"Rolex
Watches",https://si.geilicdn.com/pcitem901911082678-7ffd0000019748fe11bd0a2395e5_800_800.jpg,7572809115,https://fansbuy.com/item-micro-7572809115.html?promotionCode=R0dfTU9DRzA2VTk,$42.86,Rolex Watches,watches,Rolex
"Rolex
Watches",https://si.geilicdn.com/open1624782517-1624782517-6b4f000001973abe2ebe0a231226_1080_1080.jpg,7572809115,https://fansbuy.com/item-micro-7572809115.html?promotionCode=R0dfTU9DRzA2VTk,$28.02,Rolex Watches,watches,Rolex
"Rolex
Watches",https://si.geilicdn.com/open1624782517-1624782517-6b47000001973abe203b0a231226_800_800.jpg,7572809115,https://fansbuy.com/item-micro-7572809115.html?promotionCode=R0dfTU9DRzA2VTk,$26.37,Rolex Watches,watches,Rolex
"Rolex
Watches",https://si.geilicdn.com/open1624782517-1624782517-6198000001973abe1c960a8133b0_1080_1080.jpg,7572809115,https://fansbuy.com/item-micro-7572809115.html?promotionCode=R0dfTU9DRzA2VTk,$26.37,Rolex Watches,watches,Rolex
"Rolex
Watches",https://si.geilicdn.com/open1624782517-1624782517-6290000001973abe24d40a8115c2_800_800.jpg,7572809115,https://fansbuy.com/item-micro-7572809115.html?promotionCode=R0dfTU9DRzA2VTk,$42.86,Rolex Watches,watches,Rolex
"Rolex
Watches",https://si.geilicdn.com/open1624782517-1624782517-6354000001973abe013d0aa08290_1080_1080.jpg,7572809115,https://fansbuy.com/item-micro-7572809115.html?promotionCode=R0dfTU9DRzA2VTk,$28.02,Rolex Watches,watches,Rolex
"Rolex
Watches",https://si.geilicdn.com/open1624782517-1624782517-6280000001973abe04f30a8115c2_800_800.jpg,7572809115,https://fansbuy.com/item-micro-7572809115.html?promotionCode=R0dfTU9DRzA2VTk,$42.86,Rolex Watches,watches,Rolex
"Rolex
Watches",https://si.geilicdn.com/open1624782517-1624782517-6364000001973abe21df0aa08290_800_800.jpg,7572809115,https://fansbuy.com/item-micro-7572809115.html?promotionCode=R0dfTU9DRzA2VTk,$28.02,Rolex Watches,watches,Rolex
"Rolex
Watches",https://si.geilicdn.com/open1624782517-1624782517-66b6000001973abe08e40a22d249_800_800.jpg,7572809115,https://fansbuy.com/item-micro-7572809115.html?promotionCode=R0dfTU9DRzA2VTk,$42.86,Rolex Watches,watches,Rolex
"Rolex
Watches",https://si.geilicdn.com/pcitem901911082678-3b8500000197a5cbeb3a0a2304aa_1080_1080.jpg,7572809115,https://fansbuy.com/item-micro-7572809115.html?promotionCode=R0dfTU9DRzA2VTk,$28.02,Rolex Watches,watches,Rolex
"Rolex
Watches",https://si.geilicdn.com/open1624782517-1624782517-1dfc00000196e73938330a23b4de_1440_1919.jpg,7572809115,https://fansbuy.com/item-micro-7572809115.html?promotionCode=R0dfTU9DRzA2VTk,$28.02,Rolex Watches,watches,Rolex
"Rolex
Watches",https://si.geilicdn.com/open1624782517-1624782517-212900000196e739295e0aa0834c_1920_1920.jpg,7572809115,https://fansbuy.com/item-micro-7572809115.html?promotionCode=R0dfTU9DRzA2VTk,$28.02,Rolex Watches,watches,Rolex
"Rolex
Watches",https://si.geilicdn.com/open1624782517-1624782517-275700000196e7391cdb0a231226_1000_1000.jpg,7572809115,https://fansbuy.com/item-micro-7572809115.html?promotionCode=R0dfTU9DRzA2VTk,$26.37,Rolex Watches,watches,Rolex
"Rolex
Watches",https://si.geilicdn.com/open1624782517-1624782517-1dee00000196e7391b380a23b4de_608_608.jpg,7574721072,https://fansbuy.com/item-micro-7574721072.html?promotionCode=R0dfTU9DRzA2VTk,$98.90,Rolex Watches,watches,Rolex
"Rolex
Watches",https://si.geilicdn.com/open1624782517-1624782517-276500000196e7393b050a231226_1440_1919.jpg,7574721072,https://fansbuy.com/item-micro-7574721072.html?promotionCode=R0dfTU9DRzA2VTk,$98.90,Rolex Watches,watches,Rolex
"Rolex
Watches",https://si.geilicdn.com/open1624782517-1624782517-1cc200000196e7392e020aa08290_1920_1920.jpg,7574721072,https://fansbuy.com/item-micro-7574721072.html?promotionCode=R0dfTU9DRzA2VTk,$98.90,Rolex Watches,watches,Rolex
"Rolex
Watches",https://si.geilicdn.com/open1624782517-1624782517-218900000196e73921660a22d249_1280_1280.jpg,7574721072,https://fansbuy.com/item-micro-7574721072.html?promotionCode=R0dfTU9DRzA2VTk,$98.90,Rolex Watches,watches,Rolex
"Rolex
Watches",https://si.geilicdn.com/open1624782517-1624782517-20a700000196e7391f220a8133b0_1500_1500.jpg,7574721072,https://fansbuy.com/item-micro-7574721072.html?promotionCode=R0dfTU9DRzA2VTk,$98.90,Rolex Watches,watches,Rolex
"Rolex
Watches",https://si.geilicdn.com/open1624782517-1624782517-20b700000196e7393db30a8133b0_1440_1919.jpg,7574721072,https://fansbuy.com/item-micro-7574721072.html?promotionCode=R0dfTU9DRzA2VTk,$98.90,Rolex Watches,watches,Rolex
"Rolex
Watches",https://si.geilicdn.com/open1624782517-1624782517-1d9d00000196e73933070a8115c2_1920_1920.jpg,7574721072,https://fansbuy.com/item-micro-7574721072.html?promotionCode=R0dfTU9DRzA2VTk,$98.90,Rolex Watches,watches,Rolex
"Rolex
Watches",https://si.geilicdn.com/open1624782517-1624782517-1c3e00000196e73924c90a23b491_1920_1920.jpg,7574721072,https://fansbuy.com/item-micro-7574721072.html?promotionCode=R0dfTU9DRzA2VTk,$98.90,Rolex Watches,watches,Rolex
"Rolex
Watches",https://si.geilicdn.com/pcitem1383476083-0d460000018df193e5610a2104c1_800_800.jpg,7574721072,https://fansbuy.com/item-micro-7574721072.html?promotionCode=R0dfTU9DRzA2VTk,$98.90,Rolex Watches,watches,Rolex
"Rolex
Watches",https://si.geilicdn.com/pcitem1383476083-10df0000018df1958ad50a813470_1080_1080.jpg,7574721072,https://fansbuy.com/item-micro-7574721072.html?promotionCode=R0dfTU9DRzA2VTk,$98.90,Rolex Watches,watches,Rolex
"Rolex
Watches",https://si.geilicdn.com/pcitem1383476083-10da0000018df1945da30a813470_760_760.jpg,7574721072,https://fansbuy.com/item-micro-7574721072.html?promotionCode=R0dfTU9DRzA2VTk,$98.90,Rolex Watches,watches,Rolex
"Tissot
 Watches",https://si.geilicdn.com/pcitem1383476083-6c500000018df19490120a22e433_1534_1537.jpg,7574789842,https://fansbuy.com/item-micro-7574789842.html?promotionCode=R0dfTU9DRzA2VTk,$79.67,Tissot Watches,watches,Tissot
"Tissot
 Watches",https://si.geilicdn.com/pcitem1383476083-11360000018df19413a90a2312e8_1080_1080.jpg,7574789842,https://fansbuy.com/item-micro-7574789842.html?promotionCode=R0dfTU9DRzA2VTk,$79.67,Tissot Watches,watches,Tissot
"Tissot
 Watches",https://si.geilicdn.com/pcitem1383476083-040e0000018df194aa760a23954a_760_760.jpg,7574789842,https://fansbuy.com/item-micro-7574789842.html?promotionCode=R0dfTU9DRzA2VTk,$79.67,Tissot Watches,watches,Tissot
"Tissot
 Watches",https://si.geilicdn.com/pcitem1383476083-22560000018df193910e0a20e672_1080_1080.jpg,7574789842,https://fansbuy.com/item-micro-7574789842.html?promotionCode=R0dfTU9DRzA2VTk,$79.67,Tissot Watches,watches,Tissot
"Tissot
 Watches",https://si.geilicdn.com/pcitem1383476083-10d60000018df1937dcf0a813470_1080_1080.jpg,7574789842,https://fansbuy.com/item-micro-7574789842.html?promotionCode=R0dfTU9DRzA2VTk,$79.67,Tissot Watches,watches,Tissot
"Tissot
 Watches",https://si.geilicdn.com/open1817828565-1848188377-6ee300000194401cb6830a239383_800_800.jpg,7574789842,https://fansbuy.com/item-micro-7574789842.html?promotionCode=R0dfTU9DRzA2VTk,$79.67,Tissot Watches,watches,Tissot
"Tissot
 Watches",https://si.geilicdn.com/open1817828565-1848188377-360100000194401c8f710a8115b5_800_800.jpg,7574789842,https://fansbuy.com/item-micro-7574789842.html?promotionCode=R0dfTU9DRzA2VTk,$79.67,Tissot Watches,watches,Tissot
"Tissot
 Watches",https://si.geilicdn.com/open1817828565-1848188377-7f8300000194401ca4880aa08290_1371_1500.jpg,7574789842,https://fansbuy.com/item-micro-7574789842.html?promotionCode=R0dfTU9DRzA2VTk,$79.67,Tissot Watches,watches,Tissot
s9—s10 ultra2 watches,https://si.geilicdn.com/open1817828565-1848188377-671a00000194401c949d0a8133b5_800_800.jpg,7574754648,https://fansbuy.com/item-micro-7574754648.html?promotionCode=R0dfTU9DRzA2VTk,$54.67,S9–S10 Ultra2 Watches,watches,Other
s9—s10 ultra2 watches,https://si.geilicdn.com/open1817828565-1848188377-10d300000194401c9ac80a210559_800_800.jpg,7574754648,https://fansbuy.com/item-micro-7574754648.html?promotionCode=R0dfTU9DRzA2VTk,$54.67,S9–S10 Ultra2 Watches,watches,Other
s9—s10 ultra2 watches,https://si.geilicdn.com/open1817828565-1848188377-361700000194401cbb9a0a8115b5_800_800.jpg,7574754648,https://fansbuy.com/item-micro-7574754648.html?promotionCode=R0dfTU9DRzA2VTk,$54.67,S9–S10 Ultra2 Watches,watches,Other
s9—s10 ultra2 watches,https://si.geilicdn.com/open1817828565-1848188377-1b1a00000194401ca0060aa0834c_800_800.jpg,7574754648,https://fansbuy.com/item-micro-7574754648.html?promotionCode=R0dfTU9DRzA2VTk,$54.67,S9–S10 Ultra2 Watches,watches,Other
s9—s10 ultra2 watches,https://si.geilicdn.com/open1817828565-1848188377-10d300000194401c9ac80a210559_800_800.jpg,7574754648,https://fansbuy.com/item-micro-7574754648.html?promotionCode=R0dfTU9DRzA2VTk,$54.67,S9–S10 Ultra2 Watches,watches,Other
s9—s10 ultra2 watches,https://si.geilicdn.com/open1817828565-1848188377-361700000194401cbb9a0a8115b5_800_800.jpg,7574754648,https://fansbuy.com/item-micro-7574754648.html?promotionCode=R0dfTU9DRzA2VTk,$54.67,S9–S10 Ultra2 Watches,watches,Other
s9—s10 ultra2 watches,https://si.geilicdn.com/open1817828565-1848188377-1b1a00000194401ca0060aa0834c_800_800.jpg,7574754648,https://fansbuy.com/item-micro-7574754648.html?promotionCode=R0dfTU9DRzA2VTk,$54.67,S9–S10 Ultra2 Watches,watches,Other
